video_id,title,publishedAt,channelId,channelTitle,categoryId,trending_date,tags,view_count,likes,dislikes,comment_count,thumbnail_link,comments_disabled,ratings_disabled,description
"9EN9QVCu_ks","TANTANGAN MAKANAN ASLI vs MAKANAN COKLAT || Hack Epic Dapur Palsu dan Trik Sulap oleh RATATA","2020-12-10T02:00:01Z","UCOrr1XwI__pq0Xldd37IJJQ","RATATA Indonesian","24","20.13.12","Tantangan coklat|makanan coklat|makanan asli|makanan asli vs coklat|tantangan makanan coklat|tantangan makanan asli|asli vs coklat|makan makanan palsu|makanan palsu|asli vs palsu|trik gila|prank|menyenangkan|video lucu|lucu|DIY|tantangan makanan|tantangan|tantangan-tantangan|mukbang|komedi|ratata Indonesia","6627712","42215","11595","4333","https://i.ytimg.com/vi/9EN9QVCu_ks/default.jpg","False","False","Berlangganan RATATA: https://www.youtube.com/channel/UCOrr1XwI__pq0Xldd37IJJQ?sub_confirmation=1Tantangan MAKANAN BESAR vs MINIATUR MAKANAN: https://youtu.be/_OpwSrfkBT8Apa kalian suka yang manis-manis? Bagaimana kalau mencoba rasanya pisau makan? Terkejut, ya, ya karena mereka juga akan terbuat dari coklat. Bahkan piringnya juga akan terbuat dari coklat dan kalian bisa memakannya. Ini tantangan memasak yang keren dan kami tahu kalian menyukai tantangan memasak yang lezat. Bisakah kalian menukar kripik asli dengan choco chip? Maukah kalian memasak burger coklat? Bagikan opinimu, kami ingin tahu bagaimana pendapat kalian :) dan jangan lupa untuk subscribe saluran iniTonton video menarik lainnya di RATATA:Tantangan Hitam Dan Putih - https://youtu.be/_Pm7_FW3ybsUntuk menyelinap makanan ringan ke bioskop - https://youtu.be/b1faH7e1kegUntuk menyelinapkan makanan ke bioskop 2 - https://youtu.be/oaU1sIEDV-g9 Cara Gila Menyelinapkan Hewan ke Bioskop - https://youtu.be/_IDblIK2PQMTantangan gigit, jilat, atau diam - https://youtu.be/boS96ZfHajUBerlangganan ke jejaring sosial lain RATATA:Instagram - https://www.instagram.com/ratata_youtube/?hl=ukTikTok - https://www.tiktok.com/@ratataliveFacebook - https://www.facebook.com/Ratata-105265661182623/Playlist Populer:Tantangan - https://www.youtube.com/playlist?list=PLEe0ND4kS4nvaGoCqPVxgsTTg4wOMWNi6Menyelinap Makanan - https://www.youtube.com/playlist?list=PLEe0ND4kS4nsQuQLJ6_23Ngz_qvyHs1WnPranks - https://www.youtube.com/playlist?list=PLEe0ND4kS4ntk5BiXkUgjXk20nKpdmp7OHacks kehidupan - https://www.youtube.com/playlist?list=PLEe0ND4kS4nvey46wjszw3xB721iPSGdyRATATA English: Berlangganan:https://www.youtube.com/channel/UC1I_DaL4stfZi03ozQEQ1VQ?sub_confirmation=1RATATA Portuguese:Berlangganan: https://www.youtube.com/channel/UCKgwtiwtKiHhaYj5rJ4uo_Q?sub_confirmation=1RATATA Arabic:Berlangganan: https://www.youtube.com/channel/UCin6578jAsdkO5gc1dm3-iw?sub_confirmation=1RATATA Spanish:Berlangganan: https://www.youtube.com/channel/UCWCImKDcawQHjmZiURnI80g?sub_confirmation=1RATATA Turkish:Berlangganan: https://www.youtube.com/channel/UCI920JhVTiqi2FMJRnZ7f7A?sub_confirmation=1RATATA Vietnamese:Berlangganan: https://www.youtube.com/channel/UCRKvLV2Yx1WJ5TKtkMHMZBg?sub_confirmation=1RATATA Thai:Berlangganan: https://www.youtube.com/channel/UCf4QwPgrVfCOqS-nc02FF-g?sub_confirmation=1#RATATA#hack #tantanganmakanan Musik oleh Epidemic Sound: https://www.epidemicsound.com/"
"4bgNwPwoxHM","FPI Benarkan Rekaman Suara yang Beredar: Mana Bentuk Serangannya?","2020-12-07T14:47:42Z","UC5BMIWZe9isJXLZZWPWvBlg","KOMPASTV","25","20.13.12","fpi|jokowi|simpatisan fpi|berita terkini kompas|juliari p batubara|mensos juliari|berita kompas|kompas 24 jam|polisi diserang fpi|kompas live|live streaming kompastv|habib rizieq|kompas tv|rekaman fpi|FPI|Rekaman Suara yang Beredar|Bentuk Serangan|rizieq|hrs|habib rizieq shihab|hrs ditangkap","6696213","49920","15204","54957","https://i.ytimg.com/vi/4bgNwPwoxHM/default.jpg","False","False","JAKARTA, KOMPAS.TV - Sekjen FPI Munarman membenarkan beredarnya rekaman suara yang sebelum kejadian bentrok antara polisi dengan kader FPI di tol Jakarta-Cikampek KM 50.Namun ia membantah jika isi rekaman tersebut merupakan bentuk serangan kepada rombongan polisi.Iya betul itu rekaman suara dan justru itu membuktikan rombongan pengacau itu yang akan menyalip dan memporakporandakan serta melakukan inisiatif untuk menyalip dari rombongan Habib Rizieq dan pengawalnya. Itu kan terdengar tadi terdengar kalau mereka nyalip kalau mereka nyalip kita ini dan kemudian kan ada nongkrong aja warung kopi, dimana bentuk serangannya? ujarnya kepada KompasTV, Senin (7/12/2020).Versi FPI, dalam kronologi kejadian, justru rombongan polisi yang memepet terlebih dahulu mobil milik simpatisan FPI.Dipancing yang mana? Yang memepet itu justru mereka, mana ada pancingan memepet. Kok ada pancingan memepet, di voice note itu tidak ada, fakta dari mana? kata Munarman.Munarman juga menjelaskan jika dalam kejadian, rombongan polisi tersebut tak mengenakan seragam yang mana diakui pihaknya tak mengenali para polisi.Sementara itu, Kepala Pusat Kajian Keamanan Nasional Universitas Bhayangkara Jaya, Hermawan Sulistyo mengatakan jika sebaiknya menunggu bukti empirik.Faktanya adalah kita tunggu aja di pengadilan nanti, ujarnya.Simak pembahasannya bersama Sekjen FPI Munarman, Ketua Harian Komisi Kepolisian Nasional Benny Mamoto, dan Kepala Pusat Kajian Keamanan Nasional Universitas Bhayangkara Hermawan Sulistyo."
"Y7mfSkVsFxo","Kronologi Polisi Bentrok dengan Pendukung Rizieq Shihab Hingga 6 Orang Tewas","2020-12-07T12:08:24Z","UC5BMIWZe9isJXLZZWPWvBlg","KOMPASTV","25","20.13.12","kompas 24 jam|kompas live|jokowi|fpi|rizieq shihab|kompas tv|berita terkini kompas|pendukung rizieq shihab|habib rizieq|live streaming kompastv|pendukung rizieq shihab ditembak|berita kompas|Kronologi|Polisi Bentrok|Pendukung Rizieq Shihab|hrs|habib rizieq ditangkap|mrs|rizieq","5035717","37808","29345","46195","https://i.ytimg.com/vi/Y7mfSkVsFxo/default.jpg","False","False","JAKARTA, KOMPAS.TV - Kapolda Metro Jaya Irjen Fadil Imran mengungkap bentrokan yang terjadi antara aparat kepolisian dengan rombongan pimpinan Front Pembela Islam (FPI) Rizieq Shihab di Kawasan Tol Cikampek, Senin (7/12/2020).Menurut Fadil, kejadian berlangsung Senin dini hari sekitar pukul 00.30 WIB di Jalan Tol Jakarta Cikampek, KM 50, Jawa Barat.Berawal dari penyelidikan adanya pengerahan massa kelompok pengikut MRS yang akan datang ke Polda Metro Jaya pada saat pemeriksaan kedua, ungkap Fadil saat jumpa pers sebagaimana dikutip dari Youtube KOMPAS TV, Senin (7/12/2020).Saat polisi hendak memberhentikan mobil yang diduga berisikan pengikut Rizieq Shihab, polisi dipepet dan diserang dengan menggunakan senjata api.Ketika anggota mengikuti kendaran yang diduga adalah pengikut Rizieq petugas dipepet kemudian diserang menggunakan senjata api, kata Fadil.Merasa terancam, polisi pun melakukan tindakan tegas terhadap pelaku.Enam orang yang diduga pengikut Rizieq Shihab tewas dalam peristiwa ini.Seluruhnya terpaksa ditembak karena berupaya melawan dan menyerang polisi dengan senjata api."
"4Ht533cWS6w","DIHIPNOTIS â€¼ BILLY SYAHPUTRA NANGIS NGAKUIN SALAHNYA KE AMANDA MANOPO","2020-12-11T05:30:13Z","UCVcdUPUEMqqRibLpx8HL3kw","Uya Kuya TV","24","20.13.12","uya kuya|nino kuya|cinta kuya|astrid kuya|prank|social eksperimen|raja prank|qna|collab|artis|viral|trending|settingan|gakada akhlak|tik tok|youtuber|gila|keren|hypebeast|amanda manopo|billy syahputra|billy amanda|hipnotis|pembohong|pacaran|ikatan cinta|sinetron","1551493","40367","1865","7499","https://i.ytimg.com/vi/4Ht533cWS6w/default.jpg","False","False","Ternyata selama ini Billy banyak bohongnya guys sm Amanda Manopo!!!! Follow Social Media UYA KUYAFacebook : https://www.facebook.com/UyaKuyaTVBusiness Inquiry /Contact Person Basyid : basyid@creativeindigo.net"
"7DVVEzysx6c","SISWA KAYA VS SISWA MISKIN DI SEKOLAH! || 9 Momen Epic dan Prank Lucu Sekolah oleh RATATA","2020-12-03T02:00:00Z","UCOrr1XwI__pq0Xldd37IJJQ","RATATA Indonesian","24","20.13.12","Kaya vs miskin|kaya vs bangkrut|kaya|miskin|bangkrut|momen canggung|situasi lucu|momen lucu|siswa kaya vs siswa miskin|siswa kaya|siswa miskin|momen sekolah|macam siswa|siswa lucu|siswa|ide lucu|ide gila|komedi|tantangan|tantangan-tantangan|life hack|lifehack|hack|lucu|gila|video menarik|video lucu|ratata indonesia","16327234","90012","28427","9650","https://i.ytimg.com/vi/7DVVEzysx6c/default.jpg","False","False","SuscrÃ­bete a RATATA: https://www.youtube.com/channel/UCWCImKDcawQHjmZiURnI80g?sub_confirmation=1TANTANGAN GADIS KAYA VS GADIS MISKIN: https://youtu.be/DQlnyXoL6p4Kalian punya siswa kaya dan miskin di sekolah atau kampus? Tidak? Yah, mungkin kalian beruntung. Tapi di video ini kamia akan menunjukkan bagaimana siswa kaya datang ke kampus, dan seberapa banyak popcorn yang bisa kalian beli kalau kalian punya banyak uang dan bagaimana siswa kaya pergi ke bioskop..Pada akhirnya, kalian bisa jadi orang yang baik tanpa peduli isi dompet.Bagaimana menurutmu? Bagikan opinimu di kolom komentar dan tunjukkan video kami ke temanmu! Pasti menyenangkan:)!Tonton video menarik lainnya di RATATA:Tantangan petak umpet - https://youtu.be/SG-cIL42eDUMasalah Orang Pendek Dan Orang Tinggi - https://youtu.be/1xgdQKb7wygMakanan panas vs dingin - https://youtu.be/fn_Pr9SMWS09 Cara Gila Menyelinapkan Hewan ke Bioskop - https://youtu.be/_IDblIK2PQMMakanan raksasa vs makanan mini - https://youtu.be/1PKArflIIRA Listas de reproducciÃ³n populares:DesafÃ­os - https://www.youtube.com/playlist?list=PL6PlxeRdptrF1ABrYQbgnv6A-3MDX0onQSneak Food - https://www.youtube.com/playlist?list=PL6PlxeRdptrG5u4Lxl5UhPDT_tPDSTkRdBromas - https://www.youtube.com/playlist?list=PL6PlxeRdptrGIm_I7yQjPuw9Lj3k7-ODrTrucos de la vida - https://www.youtube.com/playlist?list=PL6PlxeRdptrHGfZms7MLccg2OjqHD4bnjSuscrÃ­bete a otras redes sociales RATATA:Instagram - https://www.instagram.com/ratata_youtube/?hl=ukTikTok - https://www.tiktok.com/@ratataliveFacebook - https://www.facebook.com/Ratata-105265661182623/RATATA English: SuscrÃ­bete:https://www.youtube.com/channel/UC1I_DaL4stfZi03ozQEQ1VQ?sub_confirmation=1RATATA Portuguese:SuscrÃ­bete: https://www.youtube.com/channel/UCKgwtiwtKiHhaYj5rJ4uo_Q?sub_confirmation=1RATATA Arabic:SuscrÃ­bete: https://www.youtube.com/channel/UCin6578jAsdkO5gc1dm3-iw?sub_confirmation=1RATATA Indonesian:SuscrÃ­bete: https://www.youtube.com/channel/UCOrr1XwI__pq0Xldd37IJJQ?sub_confirmation=1RATATA Turkish:SuscrÃ­bete: https://www.youtube.com/channel/UCI920JhVTiqi2FMJRnZ7f7A?sub_confirmation=1RATATA Vietnamese:SuscrÃ­bete https://www.youtube.com/channel/UCRKvLV2Yx1WJ5TKtkMHMZBg?sub_confirmation=1RATATA Thai:SuscrÃ­bete https://www.youtube.com/channel/UCf4QwPgrVfCOqS-nc02FF-g?sub_confirmation=1#RATATA #DIY #Prank Musik oleh Epidemic Sound: https://www.epidemicsound.com/"
"VobiuwlwTqM","Kiyutt!!! Suara Hati Lesti DA Cuma Untuk Billar!! | Semarak Indosiar 2020","2020-12-06T14:02:07Z","UCYqOeAXJm8yV9sJ8Ud3cR7A","Indosiar","24","20.13.12","indosiar|Semarak Indosiar 2020|Semarak Indosiar Bandung|Rara|Jirayut|Byoode|JD Eleven|Suara Hati|Lesti|DA|Rizky Billar","3922314","153037","3048","50573","https://i.ytimg.com/vi/VobiuwlwTqM/default.jpg","False","False","Tonton tayangan lengkap Indosiar di vidio.com atau klik https://www.vidio.com/watch//2075506?utm_source=youtube&utm_medium=referrer-description&utm_campaign=indosiarKemegahan panggung Indosiar tetap hadir dengan keelokan budaya Indonesia meski ditengah pandemi dalam program Semarak Indosiar Makassar. Menemani malam anda yang semakin semarak, dengan penampilan memukau para artis & penyanyi ibu kota. Saksikan Semarak Indosiar pkl 20.00 wib. Follow Indosiar juga di Sosial Media ya Indosiar Mania!Facebook: bit.ly/FBIndosiarTwitter: bit.ly/TWIndosiarInstagram: @Indosiar"
"YjHovTqZkWo","[BREAKING NEWS] Detik-detik Kedatangan HRS di Polda Metro Jaya | tvOne","2020-12-12T04:08:23Z","UCER4rvDnRBPr_ncYW4UCZjg","tvOneNews","25","20.13.12","tvone|tvonenews|tv one|tvone live|tv one live|berita terbaru|news|berita|tvone terbaru|tv one terbaru|tvone update|news live|live report|berita terkini|news update|berita update|tv one update|berita terbaru hari ini|tvonenews.com|live streaming|berita politik|[BREAKING NEWS] Detik-detik Kedatangan HRS di Polda Metro Jaya | tvOne","1473111","17491","1555","20715","https://i.ytimg.com/vi/YjHovTqZkWo/default.jpg","False","False","Jakarta, https://www.tvOnenews.com - Pimpinan Front Pembela Islam (FPI) Habib Rizieq Shihab memastikan akan memenuhi panggilan polisi sebagai tersangka kasus kerumunan di Petamburan, Jakarta Pusat. Namun, hingga pukul 10.00 WIB, Habib Rizieq belum juga tiba.Habib Rizieq awalnya disebut tiba di Polda Metro Jaya sekitar pukul 09.00 WIB. Hal tersebut dikonfirmasi oleh Wasekum FPI sekaligus kuasa hukum FPI, Aziz Yanuar.Saksikan live streaming tvOne hanya di https://www.tvonenews.com/live"
"TKCQkB9l7H4","Penuh Tangis, Melitha Lepas Kepergian Melisha Sidabutar Selamanya - Cumicam","2020-12-11T05:22:04Z","UC5A_pdnOOcMsaBzFAHiTMLg","Cumicumi","24","20.13.12","infotainment|gosip|artis|selebriti|Berita selebritis|gosip terbaru hari ini|berita selebritis terbaru|info selebritis","860988","19895","316","816","https://i.ytimg.com/vi/TKCQkB9l7H4/default.jpg","False","False","Kumpulan video berita gosip terlengkap, terhangat dan terbaru hari ini seputar selebritis IndonesiaLangsung aja klik http://www.cumicumi.com/------web: http://www.cumicumi.com/facebook: http://www.facebook.com/CumiCumiDotComtwitter: https://twitter.com/CumiTweetGoogle+: https://plus.google.com/u/0/107561674912304174647"
"gEBBOaDVZnE","Joe Taslim & Cristiano Ronaldo Mabar nih, Kalian Kapan? | Free Fire Operation Chrono","2020-12-10T04:14:55Z","UCM3SMB1jINy_NxH1O01z5gA","Garena Free Fire Indonesia","20","20.13.12","[none]","2186747","57061","2595","4841","https://i.ytimg.com/vi/gEBBOaDVZnE/default.jpg","False","False","Hi Survivors,Bang Jota sama Bang Cr7 udah mabar ternyata dan  Mereka juga bersiap - siap untuk hadirnya Operation Chrono loh. Yuk siapkan diri kalian pada Operation Chrono yang dimulai tanggal 19 Desember nanti dan jadilah Legenda bersama Joe Taslim dan Cristiano Ronaldo !Btw Kalian tim mana ih #TeamJota atau #TeamCR7 ? #OperationChrono #JadilahLegenda #CR7xFFâ€¢â€¢â€¢â€¢â€¢â€¢â€¢â€¢â€¢â€¢â€¢â€¢â€¢â€¢â€¢â€¢â€¢â€¢â€¢â€¢â€¢â€¢â€¢â€¢â€¢â€¢â€¢â€¢â€¢â€¢â€¢â€¢â€¢â€¢ğŸ”¥Free Fire Indonesia Official ChannelğŸ”¥ğŸŸ Download Sekarang!: https://freefire.onelink.me/Io8U/1224b682ğŸŸ Official YouTube: http://www.youtube.com/c/GarenaFreeFireIndonesiağŸŸ Official Instagram: https://www.instagram.com/freefirebgid/ğŸŸ Official Tournament Page: https://www.facebook.com/FFEsportsIDğŸŸ Official Tik Tok Channel: https://vt.tiktok.com/rqEW4q/"
"rYsnBZUOFlg","Leslar Buciiinn!!! Rizky Billar-Lesti DA Syahdu Duhh Mesranya!! | Semarak Indosiar 2020","2020-12-06T16:21:52Z","UCYqOeAXJm8yV9sJ8Ud3cR7A","Indosiar","24","20.13.12","indosiar|Semarak Indosiar 2020|Semarak Indosiar Bandung|Rara|Jirayut|Byoode|JD Eleven|Rizky|Billar-Lesti|DA|Syahdu","3726415","189370","4018","100661","https://i.ytimg.com/vi/rYsnBZUOFlg/default.jpg","False","False","Tonton tayangan lengkap Indosiar di vidio.com atau klik https://www.vidio.com/watch//2075552?utm_source=youtube&utm_medium=referrer-description&utm_campaign=indosiarKemegahan panggung Indosiar tetap hadir dengan keelokan budaya Indonesia meski ditengah pandemi dalam program Semarak Indosiar Makassar. Menemani malam anda yang semakin semarak, dengan penampilan memukau para artis & penyanyi ibu kota. Saksikan Semarak Indosiar pkl 20.00 wib. Follow Indosiar juga di Sosial Media ya Indosiar Mania!Facebook: bit.ly/FBIndosiarTwitter: bit.ly/TWIndosiarInstagram: @Indosiar"
"yBPs6A8sCck","Kiyuttt Bangett!!! Lesti-Billar Saling Tatap Sampaikan Ayat Ayat Cinta !! | Pop Academy 2020","2020-12-11T16:34:24Z","UCYqOeAXJm8yV9sJ8Ud3cR7A","Indosiar","24","20.13.12","indosiar|Julian (Batam)|Shandy (Jambi)|Tasya (Semarang)|Penampilan Academia Pop Academy|Pop Academy Top 9|Pop Academy Top 9 group 3 Result Concert|Rizky Billar|Lesti DA|Ayat ayat cinta","2013560","135321","1385","59007","https://i.ytimg.com/vi/yBPs6A8sCck/default.jpg","False","False","Tonton tayangan lengkap Indosiar di vidio.com atau klik https://www.vidio.com/watch/2078581?utm_source=youtube&utm_medium=referrer-description&utm_campaign=indosiarLesti DA dan Rizky Billar menyanyikan lagu Ayat Ayat Cinta di Pop Academy Top 9 Group 3 Result Concert.Pop Academy adalah ajang pencarian bakat generasi muda Indonesia bersuara emas dalam bernyanyi genre musik pop. Dipandu oleh host Raffi Ahmad, Rizky Billar, Gilang Dirga, Mario dan Eda, serta juri-juri kenamaan seperti Ariel NOAH, Bebi Romeo, Ruth Sahanaya, Soimah, Armand Maulana, Rizky Febian, Andien, Anji, Melly Goeslaw, Pinkan Mambo, Giring Ganesha. #popacademyFollow Indosiar juga di Sosial Media ya Indosiar Mania!Facebook: bit.ly/FBIndosiarTwitter: bit.ly/TWIndosiarInstagram: @Indosiar"
"4IGQ6EzXHvU","Pengakuan Warga Terkait Bentrokan Anggota FPI dengan Polisi di Tol Cikampek Km 50","2020-12-08T12:45:00Z","UCqLsfkQSM0yfyGvONAGWd3Q","BeritaSatu","25","20.13.12","BeritaSatu|Berita Terkini|Berita Viral|Polri|Polisi|Kepolisian|pengawal|Rizieq Shihab|FPI|Tol Karawang|Tol Cikampek|Prime Time|bentrokan|kuasa hukum|RS Polri Kramat Jati|jenazah|Kronologi|laskar FPI","1513130","7977","1772","6493","https://i.ytimg.com/vi/4IGQ6EzXHvU/default.jpg","False","False","Polisi menyatakan enam pengawal Rizieq Shihab ditembak di ruas Tol Cikampek kilometer 50. Pengunjung dan pedagang kios di rest area mengaku mendengar suara tembakan.#FPI #RizieqShihab #PolriKunjungi juga social media channel kami :Official Website: http://beritasatu.comTwitter : https://twitter.com/BeritasatuFacebook : https://www.facebook.com/beritasatu/Instagram : https://www.instagram.com/beritasatu/"
"RWLvXhAPztM","6  LASKAR FPI TEWAS!   PEMERINTAH BISA TAK BERTAHAN LAMA","2020-12-08T06:30:11Z","UClp5BC5q94WufuaOl667JtQ","Rocky Gerung Official","25","20.13.12","rocky gerung official|rocky gerung|manusia merdeka|akal sehat|Official KAMI|Forum Tanah Air|Hersubeno Point|6 LASKAR FPI TEWAS! PEMERINTAH BISA TAK BERTAHAN LAMA|FPI|fpi ditembak|laskar fpi ditembak|hrs|rizieq shihab|penembakan fpi|fpi|FPI ditembak|Rocky Gerung Official|RockyGerungOfficial|ROCKY GERUNG OFFICIAL|Rocky Gerung|Politik|Politic|Politics|Rocky|Gerung|Debat Rocky Gerung|manusiamerdeka|akalsehat","1770444","52430","4976","17502","https://i.ytimg.com/vi/RWLvXhAPztM/default.jpg","False","False","Silahkan komentar dengan cara satire atau ngibul dengan tujuan agar akal sehat kita tetapterjaga untuk menghidupkan kembali jejak akal sehat yang pernah kita punyai sebagai bangsa.Agar tidak ketinggalan edisi2 akal sehat berikutnya, silahkan subscribe, like, share dan selalu komen.Akun resmi Rocky Gerung Official:IG: rocky_gerung_officialhttps://instagram.com/rocky_gerung_official?igshid=e5ajnidhh6uuFanPage: @therealrockygerunghttps://www.facebook.com/therealrockygerungEmail: therealrockygerung@gmail.comSubscribe juga Youtube Channel:Hersubeno Point:https://www.youtube.com/channel/UCMzRropz0P1v5BdYoda09OAMSD:https://www.youtube.com/channel/UCuwYsgOFjt6eYrJFRygR59AForum News Network:https://www.youtube.com/channel/UCRukJLPCqaZzcrwXY2dqtOgForum Tanah Air:https://www.youtube.com/channel/UCMJYWPTw-RqrBqmZMnusvXwOfficial KAMI:https://www.youtube.com/channel/UCKTL_xlRU1H7i7W-ONQQm7wSalam Akal SehatRocky Gerung#rockygerungofficial #rockygerung#manusiamerdeka#akalsehat___6  LASKAR FPI TEWAS!   PEMERINTAH BISA TAK BERTAHAN LAMA"
"NLOhW5C2P8M","Adu Mulut Kuasa Hukum FPI Dengan Polisi di RS Polri","2020-12-08T05:00:05Z","UCKII0Ml9S5wneKbHswmUrIQ","CNN Indonesia","25","20.13.12","Indonesia|cnn indonesia|berita|berita terbaru|trans tv|trans7|berita terakhir|terakhir|cnn|Berita Viral|Viral|transmedia|adu mulut|kuasa hukum|fpi|jenazah anggota fpi|rs polri","2337016","13241","1340","10479","https://i.ytimg.com/vi/NLOhW5C2P8M/default.jpg","False","False","Live streaming 24 jam: https://www.cnnindonesia.com/tvUpaya pengambilan enam jenazah laskar Front Pembela Islam (FPI) di Kamar Jenazah Rumah Sakit Polri, Kramat Jati, Jakarta Timur, diwarnai aksi adu mulut antara kuasa hukum dengan pihak kepolisian .Kuasa hukum Front Pembela Islam, FPI, Aziz Yanuar bersama sejumlah keluarga laskar FPI , mendatangi kamar jenazah Rumah Sakit Polri, Kramat Jati, Jakarta Timur, pada Selasa dinihari .Kedatangan mereka untuk mengambil enam jenazah laskar FPI yang tewas akibat ditembak oleh anggota kepolisian di Karawang, Jawa Barat. Ikuti berita terbaru di tahun 2020 dengan kemasan internasional berbahasa Indonesia, dan jangan ketinggalan breaking news dengan berita terakhir dan live report CNN Indonesia di https://www.cnnindonesia.com/tv dan channel CNN Indonesia di Transvision. CNN Indonesia tergabung dalam grup Transmedia. Dalam Transmedia, tergabung juga Trans TV, Trans7, Detikcom, Transvision, CNN Indonesia.com dan CNBC Indonesia. Follow & Mention Twitter kami:@myTranstweet@cnniddaily@cnnidconnected @cnnidinsight @cnnindonesia Like & Follow Facebook:CNN IndonesiaFollow IG: cnnindonesiatv"
"EPc2UNy_DB8","CRINGE CRINGE CRINGEEE!","2020-12-10T12:50:32Z","UCmlgRPrwvyHaS1jYXJifNqg","Picky Picks","22","20.13.12","Picky Picks|Bimopd|Picky Picks Cringe","1139471","91867","1031","7933","https://i.ytimg.com/vi/EPc2UNy_DB8/default.jpg","False","False","3 minggu menghilang, the one and only akhirnya kembali dengan konten andalan.---For Business or Any Other Inquiries: pickypicksid@gmail.comSocial Media: https://www.instagram.com/bimopd/---CATHARSIS EMPIRE:Website: https://catharsisempire.com/Instagram: https://www.instagram.com/catharsisempire/Official Store: https://www.tokopedia.com/catharsisempire---"
"1WLWXRgOB88","Denny Caknan feat. Happy Asmara - AKU IKHLAS by : AFTERSHINE (Live Konser Pakeliran 2020)","2020-12-05T17:30:11Z","UC0k3T5AJYvKnuc52bB7rJTA","DENNY CAKNAN","10","20.13.12","Pakeliran 2020|denny caknan|happy asmara|aku ikhlas|denny caknan happy asmara duet|live streaming denny caknan|happy asmara live streaming|live streaming","2677179","84567","1707","14952","https://i.ytimg.com/vi/1WLWXRgOB88/default.jpg","False","False","Melalui karya, manusia berekspresi. Menggambarkan setiap rasa ke dalam medium yang dapat dipahami bersama. Kami persembahkan, Pakeliran 2020: Bakul Katresnan. Layaknya harmoni sebuah melodi dalam kehidupan yang mampu membawa kita untuk naik dan turun menyelami setiap bait yang diajarkan dalam kehidupan.Kami berterima kasih kepada:YouTube Music YouTube Indonesia Promag (https://www.instagram.com/promag_id/)Mixagrip (https://www.instagram.com/mixagripcocok/)Kalpanax (https://www.instagram.com/kalpanax_id/)IDE Music (https://www.instagram.com/life.at.ide/)Sosialoka Indonesia (https://www.instagram.com/sosialoka.id/)#Pakeliran2020 #DennyCaknan #HappyAsmara========================================Licensed to YouTube by IDE (Music)This channel & Video optimized by IDE OptimizationLicense your music here: https://smarturl.id/idemusicOptimize your video now: https://smarturl.id/optimize"
"P5NHJAwBRc8","Blak-blakan Ustaz Maaher At-Thuwailibi yang Menangis Ogah Dipenjara","2020-12-11T13:55:01Z","UCuMAjEaSMj7q7YLf0xW1MjQ","detikcom","25","20.13.12","detikcom|20detik|Ustaz Maaher At-Thuwailibi|ustaz maaher|maaher|habib|habib luthfi|habib luthfi bin yahya|ujaran kebencian|hate speech","240589","2793","451","4199","https://i.ytimg.com/vi/P5NHJAwBRc8/default.jpg","False","False","Ustaz Maaher At-Thuwailibi tak lagi bicara dengan nada tinggi, sorot mata tajam, dan telunjuk yang mengacung seperti biasanya. Ustaz Maaher At-Thuwailibi itu mengaku syok karena dijemput tim penyidik Siber Polri pada Kamis subuh, 3 Desember 2020.Dalam blak-blakannya, Ustaz Maaher At-Thuwailibi berharap tidak dipenjara. Ustaz Maaher At-Thuwailibi mengatakan ada salah paham dalam cuitannya di medsos.Dengan emosional, Ustaz Maaher At-Thuwailibi, mengaku tidak ada masalah dengan Habib Luthfi bin Yahya. Ustaz Maaher At-Thuwailibi berniat silaturahmi ke Habib Luthfi bin Yahya tapi keburu ditangkap polisiAyo tonton dan share detik ini juga!click our website :- detikcom: https://www.detik.com- 20detik: https://20.detik.comFollow official account detikcom di:- Twitter: https://twitter.com/detikcom- Instagram detikcom: https://instagram.com/detikcom- Instagram 20detik: https://www.instagram.com/20detik/- Facebook detikcom: https://www.facebook.com/detikcom- Facebook 20detik: https://www.facebook.com/20detik"
"SrqeLVM1iEM","Suasana Rumah Duka Melisha Sidabutar, Juri Idol Ceritakan Kondisi Melisha Di Audisi - GO SPOT","2020-12-10T12:03:06Z","UCrj0U1ZWrGiKWe4ZmjX1Tew","STARPRO Indonesia","24","20.13.12","STARPRO|Infotainment|Obsesi|gosip|gospot|selebriti & asmara|infotainment|gosip|seleb on news|gospot|rcti|mnctv|gtv","557120","9648","233","474","https://i.ytimg.com/vi/SrqeLVM1iEM/default.jpg","False","False","#MelishaIdol #MelishaSidabutar #RipMelishaSuasana Rumah Duka Melisha Sidabutar, Juri Idol Ceritakan Kondisi Melisha Di Panggung â–º Kurang update soal berita dan kehidupan selebriti CLICK HERE: https://smarturl.it/STARPROIndonesiaâ–º Mau berteman dengan artis di STARPRO?? CLICK HERE : https://bit.ly/35AJMTVLIKE, COMMENT, SHARE & SUBCRIBE!Follow Me:YOUTUBE:https://smarturl.it/STARPROIndonesiaTWITTER:https://twitter.com/officialstarpro?l...Follow Starpro Indonesia on Instagram:https://www.instagram.com/starpro_id/...Follow Starpro Indonesia on Facebook:https://www.facebook.com/Starpro-Indo...STARPRO - Â© Copyright 2020. MNC Infotainment Indonesia."
"I47h9Ifgulc","KEKEYI - QUEEN PENTOL (OFFICIAL MUSIC VIDEO)","2020-12-10T12:00:18Z","UCgNta-LDuKzThNq6k43N1AQ","rahmawati kekeyi putri cantikka","10","20.13.12","kekeyirahmaputricantika|kekeyi|ming ming love|kekeyi putri|rahmawati kekeyi putri cantikka|vlog|viral|viral video|kekeyi nyanyi queen pentol|queen pentol musik video|musik queen pentol|lagu queen pentol|queen pentol lagu|lagu terbaru kekeyi|lagu kedua kekeyi|lagu queen pentol kekeyi|kekeyi lagu kedua|kekeyi queen pentol|queen pentol kekeyi|queen of pentol kekeyi|republik pentol|queen pentol|queen kekeyi|kekeyi pentol|pentol kekeyi","510472","53158","12855","10686","https://i.ytimg.com/vi/I47h9Ifgulc/default.jpg","False","False","Kekeyi - Queen Pentol (Official Music Video)Halo sahabat, semoga lagu ini bisa mewakili perasaanku selama ini dan bisa menjadi penyemangat untuk kita semua kedepannya ya!Ayo ramaikan di TikTok! - https://bit.ly/tiktokqueenpentolJangan lupa subscribe dan tonton konten-kontenku yang lain ya - https://www.youtube.com/c/rahmawatikekeyiputricantikkaLirik:Selama ini, apa salahku?Kau bully aku dengan jempolmuKarya-karyaku kau kata haluTapi ku tetap bertahan slaluMengingat tujuan hidupkuAku kuat karena makan pentolPentol adalah penyemangatkuKarna akulah Queen PentolPentol Ayam, bikin tentramPentol Puyuh, gampang guyuPentol Kasar, bikin aku sabarPentol Sapi, bikin aku happyWalau banyak yang bully, ku tak peduliKarenaku Queen PentolCredits:Songwriter: Yolanda Krisnadita & PT. Kolaborasi Talenta Asia TalentsProduced by: Hendro Engkeng & PT. Kolaborasi Talenta Asia TalentsMixing & Mastering: Hendro EngkengMusic VideoProduced by: Collab AsiaHead of Production: EgaDirected by: EgaDOP: Rian Indra PermanaProduction Assistant: M. ArdintoEditor: Kelik Eko PrasetyoColor & Effects: Kelik Eko PrasetyoPenari #1: Raymundus DarmawanPenari #2: Raenaldy PradanaPedagang Pentol: Bagas Ramadika Make-up Artist: Pelangi HartantoSpecial thanks to:Savana Space @savanaspaceÂ© 2020 Copyright by Collab AsiaTetap dukung Kekeyi dengan follow akun social media Kekeyi:Follow INSTAGRAM KEKEYI: https://bit.ly/instagramkekeyiFollow TIKTOK KEKEYI: https://bit.ly/tiktokkekeyi#Kekeyi #QueenPentol #RepublikPentol"
"SBT4N5w6-4Q","Penuh Air Mata! Tangis Betrand Meledak Ketika Adiknya Hadir - Kilau Konser Betrand Jilid 2","2020-12-04T12:54:39Z","UC34xi8JB1AKSotPUKHywbaA","MNCTV Official","24","20.13.12","Sinetron MNCTV|Raden Kian Santang|Kembalinya Raden Kian Santang|Alwi Assegaf|Series Terbaik|Series Indonesia|Sinetron Indonesia|Siraman Qolbu|Canda Wayang|Sinetron Terbaik|MNCTV Acara|Kembalinya Raden Kian Santang Tadi Malam|Nikmatnya Sedekah|Ustadz Dhanu|Drama terbaik|Sultan Aji|Live Streaming TV|TV Indonesia|TV Hari Ini|Alladin|acara MNCTV|Kembalinya Raden Kian Santang Hari Ini|Sultan Aji Hari Ini","6510698","210395","8710","22412","https://i.ytimg.com/vi/SBT4N5w6-4Q/default.jpg","False","False","PENUH HARU! BERLINANG AIR MATA! Tangis Betrand Peto Putra Onsu Meledak Saat Ia Kedatangan Kevin Yang Merupakan Adik Kandung Dari Betrand Peto Putra Onsu Untuk Langsung Menyaksikan Aksinya #KilauKonserBetrandJilid2=================================Subscribe MNCTV Official Youtube Channel http://bit.ly/24Ev2foFollow our social media- Twitter  http://bit.ly/2fOu5Ps- Facebook  http://bit.ly/2edzdN2- Instagram  http://bit.ly/2fOBtduCheck Our Official Websitehttp://mnctv.com/http://mnctvmobile.com/m/"
"Vb3MK9jeSVY","BUNGA | THOMAS ARYA | DJ KENTRUNG | KALIA SISKA ft SKA 86","2020-12-07T12:00:12Z","UCX7RJTce2MLIfE4e8QxRl4g","UYE tone","10","20.13.12","kalia siska reggae|ska 86|reggae terbaru|ska 86 terbaru|uye tone|reggae ska|kentrung|ku puja puja|ku puja puja tiktok|tarik sis semongko|denny caknan|dj ku puja puja|dj kentrung|bunga|los dol|thomas arya|kalia siska ft ska 86|hareudang","1311250","37035","944","5509","https://i.ytimg.com/vi/Vb3MK9jeSVY/default.jpg","False","False","BUNGA | THOMAS ARYA | DJ KENTRUNG | KALIA SISKA ft SKA 86BUNGABy : Thomas AryaPublisher : PT.PREMI MUSIK ERA ( PREMIER )Kalia Siska feat SKA 86 :- TARIK SIS SEMONGKO (HEMPASKAN)- BUNGA- LOS DOL- DITINGGAL PAS SAYANG SAYANGE- KU PUJA PUJA- HAREUDANG- TERLENA ( Ji Ro Lu Pat )- SECAWAN MADU- MANTAN DJANCQK- JERITAN HATIKU- KIMINO TO RIKO- SYAHARADan Lain-lain, Play Semua : https://www.youtube.com/playlist?list=PL6eUev5uI_yjVE04gR7B_Y_rVKJHrndZ6BAGIKAN/SHARE VIDEO INI SESUKA KALIAN ğŸ˜ŠğŸ˜Šâ¤ï¸â¤ï¸#KaliaSiska #Ska86 #BungaSupport And Follow Me :SKA 86INSTAGRAM : @skadelapanenamhttps://www.instagram.com/skadelapanenam/KALIA SISKAINSTAGRAM : @kaliasiska86https://www.instagram.com/kaliasiska86/"
"yByXJd6_Tf8","Happy Asmara feat. Denny Caknan - Wes Tatas (Live Konser Pakeliran 2020)","2020-12-07T03:00:14Z","UC0k3T5AJYvKnuc52bB7rJTA","DENNY CAKNAN","10","20.13.12","denny caknan|happy asmara|duet|denny duet happy|wes tatas|duet romantis|hubungan denny dan happy|pacar happy asmara|pakeliran2020|pakeliran 2020|bakul katresnan","1143957","38147","477","3816","https://i.ytimg.com/vi/yByXJd6_Tf8/default.jpg","False","False","Melalui karya, manusia berekspresi. Menggambarkan setiap rasa ke dalam medium yang dapat dipahami bersama. Kami persembahkan, Pakeliran 2020: Bakul Katresnan. Layaknya harmoni sebuah melodi dalam kehidupan yang mampu membawa kita untuk naik dan turun menyelami setiap bait yang diajarkan dalam kehidupan.Kami berterima kasih kepada:YouTube Music YouTube Indonesia Promag (https://www.instagram.com/promag_id/)Mixagrip (https://www.instagram.com/mixagripcocok/)Kalpanax (https://www.instagram.com/kalpanax_id/)IDE Music (https://www.instagram.com/life.at.ide/)Sosialoka Indonesia (https://www.instagram.com/sosialoka.id/)#Pakeliran2020 #DennyCaknan #HappyAsmara========================================Licensed to YouTube by IDE (Music)This channel & Video optimized by IDE OptimizationLicense your music here: https://smarturl.id/idemusicOptimize your video now: https://smarturl.id/optimize"
"AUo0oPEOvew","SISWA TAJIR VS B AJA || Bertukar Hidup Cewek Tajir vs Biasa di Sekolah oleh 123 GO! CHALLENGE","2020-12-10T00:00:02Z","UC-S7cyZCojMeVopBkH6yNEw","123 GO! CHALLENGE Indonesian","26","20.13.12","123 go|challenges indonesia|123 go challenge indonesia","2614910","30871","3136","2096","https://i.ytimg.com/vi/AUo0oPEOvew/default.jpg","False","False","Jadi orang kaya emang luar biasa!Sedangkan kere ... yaah ... kadang terasa menyebalkan.Tapi terkadang alam semesta punya cara tersendiri untuk menyelesaikan suatu hal.Apa kamu mau bertukar hidup selama sehari atau lebih?Beri tahu di kolom komentar, ya!Dan jangan lupa bagikan video ini dengan teman-temanmu dan berlangganan ke channel YouTube 123 Go Challenge untuk video seru lainnya! #123GO #komedi #seringkitaalamiVideo ini ditujukan sebagai hiburan. Kami tidak menjamin kelengkapan, keamanan, dan kelayakan apa pun. Segala tindakan yang dilakukan berdasarkan informasi di video ini akan sepenuhnya menjadi risiko pelaku, dan kami tidak akan bertanggung jawab atas segala kerusakan dan kehilangan. Pemirsa bertanggung jawab penuh untuk menilai, merawat, dan melakukan tindak pencegahan jika berencana untuk meniru.Video berikut ini mungkin menampilkan aktivitas yang dilakukan oleh aktor-aktor kami dalam lingkungan terkendali - mohon bertindak penuh pertimbangan, kewaspadaan, dan kehati-hatian apabila hendak meniru.Berlangganan 123 GO! CHALLENGE Indonesian: https://clck.ru/JxtU7Musik oleh Epidemic Sound  https://www.epidemicsound.com/Materi stok (foto, rekaman, dan lain-lain):https://www.depositphotos.comhttps://www.shutterstock.comhttps://elements.envato.com"
"3J92QA0cVQs","Serasi Banget!!! Betrand ft Anneth [MELUKIS SENJA] - Kilau Konser Betrand Peto Jilid 2","2020-12-04T16:05:38Z","UC34xi8JB1AKSotPUKHywbaA","MNCTV Official","24","20.13.12","Sinetron MNCTV|Raden Kian Santang|Kembalinya Raden Kian Santang|Alwi Assegaf|Series Terbaik|Series Indonesia|Sinetron Indonesia|Siraman Qolbu|Canda Wayang|Sinetron Terbaik|MNCTV Acara|Kembalinya Raden Kian Santang Tadi Malam|Nikmatnya Sedekah|Ustadz Dhanu|Drama terbaik|Sultan Aji|Live Streaming TV|TV Indonesia|TV Hari Ini|Alladin|acara MNCTV|Kembalinya Raden Kian Santang Hari Ini|Sultan Aji Hari Ini","3628130","186581","5760","22611","https://i.ytimg.com/vi/3J92QA0cVQs/default.jpg","False","False","Wah Wah Wah,, Duet Dua Calon Penyanyi Bintang Masa Depan Indonesia Betrand Peto Putra Onsu Dan Anneth Bawakan Lagu [MELUKIS SENJA] Dengan Chemistry Yang Nyatu Abisss. Ga Akan Bosan Nih Lihat Mereka Berdua Duet. #KilauKonserBetrandJilid2=================================Subscribe MNCTV Official Youtube Channel http://bit.ly/24Ev2foFollow our social media- Twitter  http://bit.ly/2fOu5Ps- Facebook  http://bit.ly/2edzdN2- Instagram  http://bit.ly/2fOBtduCheck Our Official Websitehttp://mnctv.com/http://mnctvmobile.com/m/"
"fv4HhqTHfoQ","NCT U ì—”ì‹œí‹° ìœ  'From Home (Rearranged Ver.)' Official Video","2020-12-06T15:00:12Z","UCwgtORdDtUKhpjE1VBv6XfA","NCT","10","20.13.12","[none]","3338904","741080","1461","70765","https://i.ytimg.com/vi/fv4HhqTHfoQ/default.jpg","False","False","ğŸ¬'From Home' MV: https://youtu.be/3p7s7Rjh4fgNCT 2020's new single RESONANCE is out!ğŸ§Listen and download on your favorite platform: https://smarturl.it/NCT2020_RESONANCEğŸOfficial store: https://nct2020official.comNCT Officialhttp://www.nct2020.comhttp://www.youtube.com/nctsmtownhttp://www.tiktok.com/@official_ncthttp://www.instagram.com/ncthttp://twitter.com/NCTsmtownhttp://www.facebook.com/NCT.smtown#NCT #FromHome #RESONANCENCT U ì—”ì‹œí‹° ìœ  'From Home (Rearranged Ver.)' Official Video â„— SM Entertainment"
"Ew-Aw1fPy_s","Tembak Menembak Polisi Vs Simpatisan HRS Gegerkan Warga dan Pengguna Jalan - LIM 07/12","2020-12-08T03:52:57Z","UCR-hohVc5y6wdrFc99Lk1_Q","Lintas iNews","24","20.13.12","Lintas iNews|Berita Terkini|Breaking News|TV Berita|Berita Indonesia|Info Indonesia|Special Report|Live Streaming|Hotman Paris Show|CNN Indonesia|Kompas TV|TV One|Metro TV|Mata Najwa|ILC|Full","604843","2978","2423","5423","https://i.ytimg.com/vi/Ew-Aw1fPy_s/default.jpg","False","False","Tanggal Tayang: 07/12/2020Berita bercerita menyampaikan fakta apa adanya, tanpa rekayasa. MNCTV News menyajikan berita-berita tekini dan teraktual dalam rangkaian Lintas iNews Pagi, Lintas iNews Siang, Lintas iNews Malam, dan Lintas iNews.Subscribe iNews Official Youtube Channel:https://www.youtube.com/OfficialiNewsSubscribe Lintas iNews Youtube Channel:https://www.youtube.com/channel/UCR-hohVc5y6wdrFc99Lk1_QFollow Our Official Twitter: https://twitter.com/Lintas_MNCTVCheck Our Official Website: https://www.inews.idLike Our Official Facebook: https://www.facebook.com/MnctvNewsFollow Our Official Instagram: https://www.instagram.com/mnctvnewsSaksikan info berita terkini di:Lintas iNews Pagi: Senin â€“ Sabtu Pukul 04.20 WIBLintas iNews Siang: Senin â€“ Jumat Pukul 11.30 WIBLintas iNews Malam: Senin â€“ Sabtu 00.30 WIBLintas iNews: Setiap Hari 09.00 | 10.00 | 13.00 | 14.00 | 15.00#FPI #Polisi #Penembakan"
"iBbawbHMTPk","Terkait Rumor Naik Gaji dan Tunjangan: Ahok Panggil Ima","2020-12-06T14:54:29Z","UCkV53BUUKs9n-74Fpc5wf1g","Panggil Saya BTP","29","20.13.12","[none]","1296442","69575","2210","16828","https://i.ytimg.com/vi/iBbawbHMTPk/default.jpg","False","False","BTP meminta Ima Mahdiah menjelaskan tentang issue kenaikan gaji dan tunjangan DPRD DKI yang belakangan marak dibicarakan (06/12/2020)-------------------------------------------------------------------------------------------------------------------------------------------------------------Social Media:Twitter: https://twitter.com/basuki_btpInstagram: https://www.instagram.com/basukibtp/?hl=enSpotify: https://open.spotify.com/show/0obdqB8cwcRmSnF0vv9jh2 Youtube:  https://www.youtube.com/channel/UCkV53BUUKs9n-74Fpc5wf1g/videos"
"-Gefi4sxZgM","HAPPY ASMARA - L D R | Layang Dungo Restu | (Official Musik Video)","2020-12-08T08:00:14Z","UC8t925VdEYkPkNrgAc9TTUw","FORTUNA ENTERPRISE","10","20.13.12","happy asmara|dj santuy|dj kentrung|fortuna enterprise|musik|safira inema|drm|lagu jawa|HAPPY ASMARA - L D R | Layang Dongo Restu|Roso sayang iki ra biso lali Nganti mbesok tekaning mati|happy asmara terbaru|hepi asmara|hepi asmara terbaru|lagu happy asmara|happy asmara full album|heppy asmara|dj happy asmara|hapy asmara|happy asmara terbaru 2020|hepy asmara|ldr|lagu dangdut|dangdut terbaru|koplo terbaru 2020|Layang Dongo Restu|ldr cover","682243","16454","350","5112","https://i.ytimg.com/vi/-Gefi4sxZgM/default.jpg","False","False","HAPPY ASMARA - L D R | Layang Dungo Restu | (Official Music Video)Executive Producer : Fortuna EnterpriseMUSIC PRODUCTIONSongwriter: Justin LieVocal: Happy AsmaraMUSIC VIDEO PRODUCTIONProducer: Fortuna EnterpriseVideo: Fortuna PicturesMusic by : Music Interactive  https://instagram.com/musicinteractive?igshid=dlnt7o7w275pLocation : Luv Kitchen Lounge KediriLyricTak tulis layang kangen iki dinggo koweSoyo ngampet gede roso katresnankuSnadyan adoh pangonmu ra bakal tak laleâ€™keTunggulahku dan jaga hatimu untukkuDongaâ€™no aku karo restumuSabar ngenteni tekan balikuTak jogo roso kanggo awakmuSemoga dirimu juga begituReff:Roso sayang iki ra biso laliNganti mbesok tekaning matiJanji tulus ra mung ono ing lathiMantep roso lan jiwo rogo ikiTak titipke layang kangenku ikiMugo biso nambahi atiPanyuwunku siji kanggo awakmuNjogo roso lan katresnankuTONTON JUGA VIDEO LAIN DARI KAMI :___________________________________________1.GOLEK LIYANE -HAPPY ASMARAhttp://bit.ly/GoLi-YT2.DEWE WANI-SAFIRA INEMAhttp://bit.ly/Dewe-YT3.MOLAK MALEK CERITO-YUNI VEBRAhttp://bit.ly/Malik-YT4.SORRY SORRY YANK JIHAN AUDYhttp://bit.ly/Yank-YT5.SIRO-DEWA KIPLIhttp://bit.ly/Siro-YT6.DITINGGAL PAS SAYANG -YUNI VEBRAhttp://bit.ly/PasSayang2-YT7.NGELEBUR WELAS- ARNILLA PUTRIhttp://bit.ly/NgWel-YT8.HAPPY ASMARA - PREI LAYANGANhttp://bit.ly/PreiLay-YT9.SAFIRA INEMA - AKU SING BERJUANG WONG LIYO SING NYAYANGhttp://bit.ly/Nyayang-YT10.ROSYNTA DEWI - COBO KOWE DADI AKUhttp://bit.ly/CuKoDA-YT11.HAPPY ASMARA - LALI RASANE TRESNOhttp://bit.ly/LaliTres-YT12.YUNI VEBRA - NUTUPI LARAKUhttp://bit.ly/NULAR-YT13.HAPPY ASMARA - NDASKU MUMET NDASMU PIYEhttp://bit.ly/NDASKU-YT14.JIHAN AUDY - SAKITNYA MERINDUhttp://bit.ly/SaMer-YT15.HAPPY ASMARA - PERGI HILANG DAN LUPAKAN http://bit.ly/PHDL-YT16.ROSYNTA DEWI - WES SUWE http://bit.ly/Suwe-YT17.FIRA AZZAHRA - ASW (Aku Sayang We ) http://bit.ly/ASW-YT18.HAPPY ASMARA - GOLEK LIYANE DJ REMIX http://bit.ly/golekliyane-YT19. YUNI VEBRA - ATI SING LIYO http://bit.ly/AtiSingLiyo-YT20. JIHAN AUDY - DIPIKIR KARO NGOPI http://bit.ly/DIKANGO-YT21. DEWI AYUNDA - TAK MILEH DEWE http://bit.ly/TMD-YT22. SAFIRA INEMA - OJO DIPIKIR JERUhttp://bit.ly/ODJ-YT23.Fira Azzahra - Tak Lalekne Kowe.http://bit.ly/TLW-YT#FE #LDR #happyasmaraSubscribe : http://bit.ly/SubsFortunaEnterpriseFollow us :Facebook : Fortuna InterpriseInstagram : @Fortuna_EnterpriseFORTUNA ENTERPRISE's Youtube is under management of:dr.m, Indonesia's 1st Certified & Official Youtube MCNhttps://servicesdirectory.withyoutube.com/directory/pt-digital-rantai-maya-drm"
"4qQFU4QnKDQ","DUO BOTAK feat CAHYADI CORBUZIER","2020-12-10T01:23:52Z","UCh1SzxJAH9B5nZDYYa42UqQ","Pandji Pragiwaksono","23","20.13.12","pandji|pragiwaksono|stand|up|standup|stand-up|comedy|world|tour|tur|dunia|juru|bicara|mesakke|bangsaku|deddy corbuzier|duo botak|close the door|deddy corbuzier podcast","512843","18297","285","3148","https://i.ytimg.com/vi/4qQFU4QnKDQ/default.jpg","False","False","Video yg isinya 2 orang botak ngobrol semaunya, sebebasnya, sejujurnya."
"MfF12EEznmk","Kapolda Metro Jaya Tegaskan akan Menangkap Rizieq Shihab","2020-12-10T09:14:10Z","UCjEz1Z4kKpb5T6HzFw_qlzA","medcom id","25","20.13.12","tangkap rizieq shihab|rizieq shihab tersangka","340490","3677","1880","5148","https://i.ytimg.com/vi/MfF12EEznmk/default.jpg","False","False","Kepolisian menetapkan Muhammad Rizieq Shihab sebagai tersangka dalam kasus kerumunan massa di Tebet dan Petamburan. Polda Metro Jaya pun menegaskan akan menangkap Rizieq Shihab karena telah melanggar UU Kekarantinaan Kesehatan.Diketahui kerumunan massa pengikut Rizieq Shihab itu terjadi pada tanggal 13 dan 14 November 2020. Sebelum menetapkan tersangka penyidik telah melakukan pemeriksaan terhadap para saksi, barang bukti dan petunjuk. Pada tanggal 7 Desember pun sudah dilakukan gelar perkara.Kapolda Metro Jaya Irjen Pol Fadil Imran pun menegaskan akan menangkap Rizieq Shihab yang telah ditetapkan sebagai tersangka. More videos at https://video.medcom.id/Follow us on social media:Facebook: https://www.facebook.com/medcomid/Twitter: https://twitter.com/medcom_idInstagram: https://www.instagram.com/medcomid/"
"Fat99A7NT08","Diduga Pengikut Rizieq Serang Polisi, BIN: Ini Lebih dari Kriminalitas","2020-12-08T01:19:41Z","UCzl0OrB3-ehunyotIQvK77A","metrotvnews","25","20.13.12","medcomid|metrotvnews|berita viral|berita terkini|berita ter update|berita hari ini","1024240","10640","7877","13378","https://i.ytimg.com/vi/Fat99A7NT08/default.jpg","False","False","Temuan senjata api dan senjata tajam yang diduga milik laskar pengawal Rizieq Shihab cukup mengejutkan. Apakah Badan Intelejen Negara selama ini sudah mendeteksi bahwa organisasi yang dirikan Rizieq Shihab itu memiliki senjata? Lalu apakah tindakan tegas polisi ini sudah tepat?"
"bdV2NWSgtCo","Ga Cuma Diva Enzy, Vincent Juga Grogi Ketemu Raisa","2020-12-10T06:00:12Z","UCLojthXNTLMGp6XSp4wgPRw","TonightShowNet","24","20.13.12","vincent|desta|hesti purwadinata|enzy storia|my own music|epe|tonight show terbaru|tonight show terlucu|tonight show|tns|tonight show net|vindest|raisa|afgan","905453","24794","268","1281","https://i.ytimg.com/vi/bdV2NWSgtCo/default.jpg","False","False","PART 1 : https://youtu.be/bdV2NWSgtCoPART 2 : https://youtu.be/esdu2WlWwXIPART 3 : https://youtu.be/IB_Om57BL7APART 4 : https://youtu.be/oARdy0PygTUTalk show malam yang akan memberikan informasi dan hiburan, bersama Vincent, Desta  Hesti dan Enzy serta bintang tamu dari berbagai kalangan. Menemani istirahat malam, Tonight Show sarat akan kejutan yang sayang untuk dilewatkan.---Like us on Facebook: https://www.facebook.com/netmediatama...Follow us on Twitter: https://twitter.com/netmediatamaFollow Tonight Show on Twitter: https://twitter.com/tonightshow_net---Terms & Conditions http://bit.ly/1jAbOYj"
"adJK5FMRCj4","TANTANGAN 100 LAPIS! 100 Lapis Makeup, Kuku Palsu, Lipstik! Serba 100 Lapis oleh 123 GO! CHALLENGE","2020-11-29T09:00:00Z","UC-S7cyZCojMeVopBkH6yNEw","123 GO! CHALLENGE Indonesian","24","20.13.12","123 go challenge|123go challenge|tantangan|123 go|123go|challenge|123go challenge indonesia|jail|seru|lucu|tantangan 123 go|tantangan 123go","13116261","78817","21775","7046","https://i.ytimg.com/vi/adJK5FMRCj4/default.jpg","False","False","Lebih banyak pasti lebih baik?Setelah menonton tantangan seratus lapis ini,Mungkin kamu akan berubah pikiran ...Ayo, siapa takut?Kira-kira kamu bakal bertahan dalam Tantangan Seratus Lapis?Bagikan video ini dengan teman-temanmu dan buat sendiri versi kompetisimu!!Berlangganan ke kanan YouTube kami supaya kamu tidak pernah melewatkan keseruannya!#123GO #100Lapis #SuperBesar #Makeup #GayaRambutVideo ini ditujukan sebagai hiburan. Kami tidak menjamin kelengkapan, keamanan, dan kelayakan apa pun. Segala tindakan yang dilakukan berdasarkan informasi di video ini akan sepenuhnya menjadi risiko pelaku, dan kami tidak akan bertanggung jawab atas segala kerusakan dan kehilangan. Pemirsa bertanggung jawab penuh untuk menilai, merawat, dan melakukan tindak pencegahan jika berencana untuk meniru.Video berikut ini mungkin menampilkan aktivitas yang dilakukan oleh aktor-aktor kami dalam lingkungan terkendali - mohon bertindak penuh pertimbangan, kewaspadaan, dan kehati-hatian apabila hendak meniru.Berlangganan 123 GO! CHALLENGE Indonesian: https://clck.ru/JxtU7Musik oleh Epidemic Sound  https://www.epidemicsound.com/Materi stok (foto, rekaman, dan lain-lain):https://www.depositphotos.comhttps://www.shutterstock.comhttps://elements.envato.com"
"yDvs5JFvfR4","Pesan Perdamaian Buya Yahya Atas Penembakan Terhadap 6 Laskar FPI","2020-12-12T05:47:00Z","UC50vyjmknAf3nMvOr37gm1Q","Al-Bahjah TV","27","20.13.12","buya yahya|buya yahya menjawab|islam|albahjahtv|buya yahya official|kajian islam|ulama cirebon|aswaja|Buya Yahya Zainul Maarif Jamzuri|Abuya Yahya|Buya Yahya Zainul Maarif|Ø£Ø¨ÙˆÙŠ ÙŠØ­ÙŠÙ‰ Ø²ÙŠÙ† Ø§Ù„Ù…Ø¹Ø§Ø±Ù|Ø£Ø¨ÙˆÙŠ ÙŠØ­ÙŠÙ‰ Ø²ÙŠÙ† Ø§Ù„Ù…Ø¹Ø§Ø±Ù Ø¬Ù…Ø²ÙˆØ±ÙŠ|Ø£Ø¨ÙˆÙŠ ÙŠØ­ÙŠÙ‰|buya yahya terbaru|ceramah buya yahya|al bahjah tv|ustad buya yahya|fpi|laskar fpi|penembakan","174646","12947","132","2727","https://i.ytimg.com/vi/yDvs5JFvfR4/default.jpg","False","False","Dalam Kajian Tafsir Al-Qur'an surah Yunus ayat 79, Buya Yahya  menambahkan pesan dan tanggapannya tentang berita yang sedang marak yaitu meninggalnya 6 Laskar FPI karena penembakan. Bagaimana isi dari pesan Buya Yahya mengenai hal tersebut? Mari simak dalam video ini.Full video Kajian Tafsir Al-Qur'an: https://www.youtube.com/watch?v=gGLxOXzUn5IBagi yang ingin berkontribusi menambahkan subtittle ke dalam bahasa apapun, silahkan klik link di bawah ini:http://www.youtube.com/timedtext_cs_panel?tab=2&c=UC50vyjmknAf3nMvOr37gm1QKlik Video, lalu klik Subtittle/CC, lalu add subtittle.FOLLOW US :TWITTER | @albahjahtvhttps://www.twitter.com/albahjahtvINSTAGRAM | @albahjahtvhttps://www.instagram.com/albahjahtvLIKE US :FACEBOOK | Al-Bahjah TVhttps://www.facebook.com/albahjahtvJOIN US : TELEGRAM |@albahjahtvhttps://t.me/albahjahtvINFORMASI INFAQ  :INFAQ PENGEMBANGAN DAN OPERASIONAL AL BAHJAHTVBank Syariah Mandiri (BSM)No. Rek : 73 11 55555 8Kode Bank : 451a/n : Al Bahjah TVLEMBAGA PENGEMBANGAN DAKWAH AL-BAHJAHJl. Pangeran Cakrabuana No. 179 Blok Gudang Air Kel. Sendang Kec.Sumber Kab. Cirebon 45611"
"YKIXHn3kDL0","æ„¿ä¸€ä¸²ä¸²çš„çº¢æŸ¿å­ç»™å¤§å®¶å¸¦æ¥æ–°ä¸€å¹´çš„æŸ¿æŸ¿é¡ºå¿ƒâ¤ï¸May the red, red persimmons bring you a happy, prosperous new year!","2020-12-09T10:55:12Z","UCoC47do520os_4DBMEFGg4A","æå­æŸ’ Liziqi","26","20.13.12","liziqi|liziqi vlogger|ä¸­åœ‹ç¾é£Ÿ|ä¸­è¯å‚³çµ±æ–‡åŒ–|Chinese food|é¥®é£Ÿæ–‡åŒ–|ä¸­å›½é£|ç”°å›­|ç¾é£Ÿ|ly tu that|æå­æŸ’|lÃ½ tá»­ tháº¥t|æå­æŸ’æœ€æ–°|æå­æŸ’æŸ¿å­|æŸ¿å­é¥¼|æå­æŸ’ çº¢æŸ¿å­","4241082","217881","2969","13952","https://i.ytimg.com/vi/YKIXHn3kDL0/default.jpg","False","False","Please  subscribe to ã€æå­æŸ’ Liziqi ã€‘Liziqi Channel on YouTube if you like my videos: https://goo.gl/nkjpSx #æå­æŸ’æŸ¿å­#æå­æŸ’#Liziqi #ChineseCuisine #ChineseFoodå»å¹´éœœé™ä¹‹åæ•´äº†ä¸€ç¼¸æŸ¿å­é†‹ï¼Œç›´åˆ°ä»Šå¹´åˆé›ªæ‰åƒå¾—ã€‚å¤§å†·å¤©çš„å›´ç€ç«ç‚‰å­åƒç€æ–°æ‚çš„æŸ¿é¥¼ã€çƒ¤ç‚¹å°è‚ è˜¸ç‚¹é†‹å°±ç€çƒ­è…¾è…¾çš„é±¼æ±¤è¿™æ‰æ˜¯å±äºå†¬å¤©çš„å¹¸ç¦å•Šâ€¦æ„¿è¿™ä¸€ä¸²ä¸²çš„çº¢æŸ¿å­é€èµ°å³å°†è¿‡å»çš„2020å¹´ï¼Œå¸¦æ¥æ–°ä¸€å¹´æ‰€æœ‰çš„ä½ ä»¬ä¸‡æŸ¿å¦‚æ„ï¼Œå¥½æŸ¿è¿è¿â¤ï¸After Frost's Descent last year, I made a jar of persimmon vinegar, andhave been waiting till the first snow this year when itâ€™s ready to be served.With frigid chill outside, we nestle around the fireplace, eat newly dried persimmons,And dip the grilled isaws in the vinegar to go with hot fish soup--Such a luxury of winterâ€¦May the red, red persimmons see the old year out,And bring all of you a happy, prosperous new year!ã€æå­æŸ’ Liziqi ã€‘ https://goo.gl/nkjpSx--------------------------------------------------------------------liziqiæå­æŸ’æ›´å¤šç²¾å½©è§†é¢‘æ¨è/More wonderful video recommendationsï¼šliziqiæå­æŸ’ç²¾é€‰è§†é¢‘/decent video selectionï¼šhttps://is.gd/qe9xucæå­æŸ’â—èŠ±å¼€æœ‰å£° | Soud of blooming flowersï¼š https://is.gd/tyr1jaæå­æŸ’ â—é¥®é£Ÿä»¥èŠ‚ | Chinese festival foodï¼š https://is.gd/3LsFnuæå­æŸ’ â—é€‚æ—¶è€Œé£Ÿ | Seasonal dietï¼š https://is.gd/JmLJH3ä¸œæ–¹éé—ä¼ æ‰¿ | Oriental intangible cultural heritage ï¼š https://is.gd/atatyoä¼ ç»Ÿå·¥è‰º | Traditional handicraftï¼š https://is.gd/FPl4dfSpring æ˜¥ä¹‹å·ï¼šhttps://is.gd/EBwo2nSummer å¤ä¹‹å·ï¼šhttps://is.gd/i1jJ46Autumn ç§‹ä¹‹å·ï¼šhttps://is.gd/YBVeL2Winter å†¬ä¹‹å·ï¼šhttps://is.gd/3JqW8D#æå­æŸ’#liziqi#æå­æŸ’æŸ¿å­"
"sAa0tvIbLP4","KEREN!!! Aksi Opening Betrand Bernyanyi Sambil Joged [JAGA PERASAAN] - Kilau Konser Betrand Jilid 2","2020-12-04T12:32:22Z","UC34xi8JB1AKSotPUKHywbaA","MNCTV Official","24","20.13.12","Sinetron MNCTV|Raden Kian Santang|Kembalinya Raden Kian Santang|Alwi Assegaf|Series Terbaik|Series Indonesia|Sinetron Indonesia|Siraman Qolbu|Canda Wayang|Sinetron Terbaik|MNCTV Acara|Kembalinya Raden Kian Santang Tadi Malam|Nikmatnya Sedekah|Ustadz Dhanu|Drama terbaik|Sultan Aji|Live Streaming TV|TV Indonesia|TV Hari Ini|Alladin|acara MNCTV|Kembalinya Raden Kian Santang Hari Ini|Sultan Aji Hari Ini","2511271","120073","5080","26836","https://i.ytimg.com/vi/sAa0tvIbLP4/default.jpg","False","False","SEMPURNA! Aksi Betrand Peto Putra Onsu Yang Bernyanyi Sambil Berjoged Sungguh Keren! Pastinya Aksi Betrand Peto Putra Onsu Sangat Memukau Dan Membuat Kita Jatuh Hati Saat Melihatnya!  Lagu [JAGA PERASAAN] Yang Dibawakan Betrand Ditambah Aransemen Super Keren Pastinya Tak Boleh Ketinggalan Untuk Kita Tonton! #KilauKonserBetrandJilid2=================================Subscribe MNCTV Official Youtube Channel http://bit.ly/24Ev2foFollow our social media- Twitter  http://bit.ly/2fOu5Ps- Facebook  http://bit.ly/2edzdN2- Instagram  http://bit.ly/2fOBtduCheck Our Official Websitehttp://mnctv.com/http://mnctvmobile.com/m/"
"EO0wkY6U9Js","HIGHLIGHTS | SPURS 2-0 ARSENAL | Son's wonder goal & Kane becomes top north London derby scorer!","2020-12-06T22:00:01Z","UCEg25rdRZXg32iwai6N6l0w","Tottenham Hotspur","17","20.13.12","Spurs|Tottenham Hotspur|í† íŠ¸ë„˜|ì†í¥ë¯¼|Spurs 2-0 Arsenal|Heung min Son goal|Spurs 2-0 Arsenal highlights|Arsenal highlights","3382937","58917","1244","4473","https://i.ytimg.com/vi/EO0wkY6U9Js/default.jpg","False","False","Watch highlights of our 2-0 north London derby win over Arsenal, featuring a worldie strike from Heung-min Son and a Harry Kane goal that makes him the all-time top north London derby goalscorer!"
"IMmzwSciYQ8","Tangis Haru Melitha Sidabutar, Adik Kembar Melisha Sidabutar","2020-12-10T06:24:29Z","UCQdLPSqktEJqUSNADs9uZAg","beepdo","24","20.13.12","Melisa Sidabutar|Berita Melisha Sidabutar|Melitha Sidabutar|ucap|terimakasih|tangis haru","569138","9504","142","560","https://i.ytimg.com/vi/IMmzwSciYQ8/default.jpg","False","False","Banyak sekali yang kehilangan sosok Melisha Sidabutar, salahsatunya Adik Kembarnya Melitha Sidabutar. Kamis (10/12) MElitha Sidabutar ucapkan trimakasih untuk semua yang hadir di tempat peristirahatan terakhir Kakak Kembarnya Melisha Sidabutar. (Hardi/Beepdo)#MelishaSidabutar #MelithaSidabutar #TangisHaru"
"G8GaQdW2wHc","IZ*ONE (ì•„ì´ì¦ˆì›) 'Panorama' MV","2020-12-07T09:00:06Z","UC_pwIXKXNm5KGhdEVzmY60A","Stone Music Entertainment","10","20.13.12","K-CULTURE korean Music MV Music Video K-Pop Kpop ë®¤ë¹„ ë®¤ì§ë¹„ë””ì˜¤|Stone Music Entertainment|ì•„ì´ì¦ˆì›|ì•„ì´ì¦ˆì› ë®¤ë¹„|ì•„ì´ì¦ˆì› MV|ì•„ì´ì¦ˆì› Panorama|Panorama MV|Panorama ë®¤ë¹„|Panorama ë®¤ì§ë¹„ë””ì˜¤|IZ*ONE|IZ*ONE MV|IZ*ONE ë®¤ë¹„|IZ*ONE ë®¤ì§ë¹„ë””ì˜¤|IZ*ONE Panorama|ì¼€ì´íŒ|K-POP|ê¶Œì€ë¹„|ë¯¸ì•¼ì™€í‚¤ ì‚¬ì¿ ë¼|ê°•í˜œì›|ìµœì˜ˆë‚˜|ì´ì±„ì—°|ê¹€ì±„ì›|ê¹€ë¯¼ì£¼|ì•¼ë¶€í‚¤ ë‚˜ì½”|í˜¼ë‹¤ íˆí† ë¯¸|ì¡°ìœ ë¦¬|ì•ˆìœ ì§„|ì¥ì›ì˜","20035741","484127","12591","81191","https://i.ytimg.com/vi/G8GaQdW2wHc/default.jpg","False","False","IZ*ONE (ì•„ì´ì¦ˆì›) 'Panorama' MV ì…ë‹ˆë‹¤.IZ*ONE 4th Mini Album [One-reeler / Act IV] ì•„ì´ì¦ˆì›ì˜ ë„¤ ë²ˆì§¸ ë¯¸ë‹ˆ ì•¨ë²” [One-reeler / Act IV]ëŠ” ë‹¨í¸ì˜í™”ë¥¼ ëœ»í•˜ëŠ” â€˜One-reelerâ€™ì— ê±¸ë§ê²Œ 12ëª…ì˜ ì•„ë¦„ë‹¤ìš´ ì²­ì¶˜ê³¼ ì„±ì¥ì„ ì˜í™”ì˜ í•œ ì¥ë©´ì²˜ëŸ¼ ì´ ì„¸ ê°€ì§€ì˜ ì‹ (Scene)ìœ¼ë¡œ í‘œí˜„í•œ ì•¨ë²”ì´ë‹¤. Scene #1 â€˜Color of Youthâ€™ ìš°ë¦¬ë“¤ì˜ ì²­ì¶˜ê³¼ ì•„ë¦„ë‹¤ìš´ ìˆœê°„ì˜ ì°°ë‚˜Scene #2 â€˜Becoming Oneâ€™ ì„œë¡œê°€ ì„œë¡œë¥¼ í†µí•´ ë¹„ë¡œì†Œ ê°–ê²Œ ë˜ëŠ” ìš°ë¦¬ë¼ëŠ” ì˜ë¯¸Scene #3 â€˜Stay Boldâ€™ í•¨ê»˜ì¼ ë•Œ ê°€ì¥ í™”ë ¤í•˜ê²Œ ë¹›ë‚˜ëŠ” ìš°ë¦¬â€œShoot! Take a Panoramaâ€íƒ€ì´í‹€ê³¡ â€˜Panoramaâ€™ëŠ” ì°¬ë€í•œ ìˆœê°„ì„ ì˜ì›íˆ ê¸°ì–µí•˜ê² ë‹¤ëŠ” ì´ì•¼ê¸°ë¥¼ ë‹´ì€ ê°€ì‚¬ë¡œ, í’ê²½ì´ ê·¸ë ¤ì§€ëŠ” ì•„ë¦„ë‹¤ìš´ í¸ê³¡ê³¼ ê°ì„±ì ì´ë©´ì„œ ê³ ê¸‰ìŠ¤ëŸ¬ìš´ ë©œë¡œë”” ë¼ì¸ì´ ì¸ìƒì ì¸ íŒ í•˜ìš°ìŠ¤ ì¥ë¥´ì˜ ê³¡ì´ë‹¤. ì„¸ ê°€ì§€ ì‹ (Scene)ì˜ íë¦„ì—ì„œ ê·€ê²°ë˜ëŠ” â€˜ìš°ë¦¬â€™ì˜ ì˜ë¯¸ì™€ ìƒí†µí•œë‹¤.That's the Sequenceë””ìŠ¤ì½”(Disco)ì™€ ì‹ ìŠ¤íŒ(Synth-Pop) ê¸°ë°˜ì˜ ëŒ„ìŠ¤ê³¡ìœ¼ë¡œ, ê³¡ì˜ íŒŒíŠ¸ë§ˆë‹¤ ì¡°ê¸ˆì”© ë³€í•˜ëŠ” ì•…ê¸° êµ¬ì„±ì´ ë…íŠ¹í•œ ê³¡ì´ë‹¤. ì—°ì†ì ì¸ ì‚¬ê±´, ìˆœì„œë¥¼ ëœ»í•˜ëŠ” ì‚¬ì „ì  ì˜ë¯¸ì˜ ì‹œí€€ìŠ¤(Sequence)ì™€ ì‹ (Scene)ë“¤ì´ ëª¨ì—¬ í•˜ë‚˜ì˜ ì´ì•¼ê¸°ë¥¼ ë‚˜íƒ€ë‚´ëŠ” ì˜í™”ì  ì˜ë¯¸ì˜ ì‹œí€€ìŠ¤(Sequence). ì´ ë‘ ê°€ì§€ ì˜ë¯¸ë¥¼ ëª¨ë‘ ê°€ì‚¬ì— ë…¹ì—¬ëƒˆë‹¤.ì´ ë°–ì— ì˜í™”ë¥¼ ì—°ìƒì¼€ í•˜ëŠ” ì œëª©ì˜ ìˆ˜ë¡ê³¡ 'ë¯¸ì¥ì„¼(Mise-en-ScÃ¨ne)', ì•„ì´ì¦ˆì› íŠ¹ìœ ì˜ ë°ì€ ì—ë„ˆì§€ë¥¼ ë‹´ì€ 'Island', ê°•ë ¬í•œ ë“œëŸ¼ì‚¬ìš´ë“œì˜ 'O Sole Mio', ìœ„ì¦ˆì›ê³¼ì˜ í•¨ê»˜í•˜ëŠ” ì‹œê°„ì´ ë¹ ë¥´ê²Œ ì§€ë‚˜ ì•„ì‰¬ì›Œ ì¡°ê¸ˆ ë” ëŠë¦¬ê²Œ ì¦ê¸°ê³  ì‹¶ì€ ë§ˆìŒì„ ë‹´ì€ ë©¤ë²„ ê¹€ì±„ì› ìì‘ê³¡ 'ëŠë¦° ì—¬í–‰'ì´ íŠ¸ë™ë¦¬ìŠ¤íŠ¸ë¥¼ í’ë¶€í•˜ê²Œ ë§Œë“¤ì—ˆë‹¤.ì´ì²˜ëŸ¼ [One-reeler / Act IV]ëŠ” ê°ê°ì˜ ì˜í™”ì  ì¥ì¹˜ ê°™ì€ ìˆ˜ë¡ê³¡ë“¤ì´ ì•¨ë²”ì˜ êµ¬ì„±ì„ í’ì„±í•˜ê²Œ ë’·ë°›ì¹¨í•˜ì—¬ ì•„ì´ì¦ˆì›ë§Œì˜ ìƒ‰ê¹”ë¡œ í˜„ì¬ ì§„í–‰ ì¤‘ì¸ ì„±ì¥ ìŠ¤í† ë¦¬ë¥¼ ë³´ì—¬ì£¼ê³  ìˆë‹¤."
"RsEZmictANA","taylor swift - willow (official music video)","2020-12-11T05:00:10Z","UCANLZYMidaCbLQFWXBC95Jg","TaylorSwiftVEVO","10","20.13.12","taylor swift|taylor|swift|willow|willow taylor swift|taylor swift willow|willow official video|willow music video|willow evermore|evermore|taylor swift evermore|willow lyrics|taylor swift willow lyrics|taylor willow|willow taylor|evermore taylor swift|ever more|taylor swift new album|taylor swift new music|ever more taylor swift|taylor swift ever more","12932883","900325","11792","61338","https://i.ytimg.com/vi/RsEZmictANA/default.jpg","False","False","Official music video by Taylor Swift performing â€œwillowâ€ â€“ off her evermore album. Listen here: https://taylor.lnk.to/evermorealbumâ–ºSubscribe to Taylor Swift on YouTube: https://ts.lnk.to/subscribe  â–ºExclusive Merch: http://taylorswift.lnk.to/storeâ–ºFollow Taylor Swift online:Instagram: http://instagram.com/taylorswift  Facebook: http://facebook.com/taylorswift  Tumblr: http://taylorswift.tumblr.com  Twitter: http://twitter.com/taylorswift13  Snapchat: http://snapchat.com/add/taylorswiftWebsite: http://www.taylorswift.com  â–ºFollow Taylor Nation OnlineInstagram: http://instagram.com/taylornation  Tumblr: http://taylornation.tumblr.com  Twitter: http://twitter.com/taylornation13 starringtaylor swifttaeok leeindiana cheairssamuel silveryoe apolinariomaria wadajazz smithgracie stewartjake landgrebenolan padillamark villaverrobert greenmason cutlersienna lyonsdirected bytaylor swiftdirector of photographyrodrigo prieto ASC, AMCproducerjil hardineditorchancler haynesproduction designersethan tobmanregina fernandezstylistsjoseph cassellsunshine madsenfirst adjoe â€œozâ€ osborneco-first adev salomonvisual effectsingenuity studiosgrant miller david lebensfeldjumanah shaheen executive producerrebecca skinnerco-producerkathy palmergaffermanny tapiakey gripâ€œpieâ€ alexander griffithsstoryboardsvincent lucidothe songwritten by taylor swift and aaron dessnerproduced by aaron dessnerrecorded by jonathan low and aaron dessnermixed by jonathan loworchestration by bryce dessnermastered by greg calbi and steve fallonedrum machine programming, percussion, keyboards, synthesizers, piano and electric, bass andacoustic guitars by aaron dessnersynthesizers and drum machine programming by james mcalisterpercussion and drum machine programming by bryan devendorfviolin by yuki numata resnickelectric guitar by josh kaufmancello by clarice jensenglockenspiel by jason treutingflute by alex soppfrench horn by cj camerierikeyboard and synthesizers by thomas bartlettintro musicmodular synth by benjamin lanzA special thank you to our on set medics, COVID-19 compliance personnel and the crew for operating under the strictest guidelines including wearing PPE, practicing thorough sanitization and respecting social distancing during the video shoot.#taylorswift #willow #evermore"
"qZN8UNfSvVo","Sempat Nangis dan Teriak Ingin Pulang, Melisha Sidabutar Titipkan Saudara Kembarnya ke Sahabat","2020-12-11T08:15:01Z","UCD8TFgJATSV8-PcKhYPFRPg","Grid ID","24","20.13.12","Video Grid.ID|Grid.ID|Grid Network|Selebriti|Berita Artis|Seleb|Berita Selebriti|melisha sidabutar|melisha sidabutar meninggal|melisha sidabutar meninggal dunia|melisha sidabutar eliminasi 3|melissa sidabutar meninggal|melissa sidabutar eliminasi|melitha sidabutar|melisha sidabutar indonesian idol|penyebab meninggalnya melisa sidabutar|melitha kembaran melisha sidabutar|melisha idol|berita melisha sidabutar|kembaran melisha sidabutar|melisha meninggal|melisha","91711","1087","46","54","https://i.ytimg.com/vi/qZN8UNfSvVo/default.jpg","False","False","Grid.ID Melisha Priscilla Sidabutar, peserta Indonesian Idol 2020 meninggal dunia pada Selasa (8/12/2020).Adapun Melisha Sidabutar meninggal dunia di usianya yang masih sangat muda, 19 tahun.Sebelum meninggal dunia, Melisha Sidabutar sempat nge-chat sahabatnya, Kevin Samuel, yang tak disangka adalah chat terakhir.Baca selengkapnya di: https://bit.ly/3ndUidu#melishasidabutar #indonesianidol==========================================Baca Berita Lengkapnya di Website : http://www.grid.id/Facebook Grid.ID : https://www.facebook.com/GRIDdotID/Instagram : https://www.instagram.com/grid_id/Twitter : https://twitter.com/grid_id===========================================EDITORIAL OFFICEGramedia Majalah Building Unit I 5th FloorJl. Panjang No. 8A Kebon JerukJakarta 11530Tel : (021) 5330150/5330170 ext. 31170/31171Faks : (021) 5347963Email : redaksigrid@gmail.comADVERTISINGGramedia Majalah Building Unit I 5th FloorJl. Panjang No. 8A Kebon JerukJakarta 11530Tel : (021) 5330150/5330170Email : iklangrid@gramedia-majalah.com#GridID #GridNetwork"
"_7mm_gpC_A0","Highlights | Pogba, Greenwood & Rashford seal comeback win | West Ham 1-3 Manchester United","2020-12-05T22:00:10Z","UC6yW44UGJJBvYTlfC7CRg2Q","Manchester United","17","20.13.12","manchester united|mufc|man utd|manutd|mu|ggmu|old trafford|goals|highlights|west ham united|marcus rashford|bruno fernandes|paul pogba|dean henderson|mason greenwood|alex telles","3720469","64249","1750","3034","https://i.ytimg.com/vi/_7mm_gpC_A0/default.jpg","False","False","See all the highlights from the London Stadium as United came from behind to win a 9th successive away Premier League win thanks to goals from Paul Pogba, Mason Greenwood and Marcus Rashford.Subscribe to Manchester United on YouTube at http://bit.ly/ManU_YTVisit Manchester United at http://www.manutd.comLike Manchester United on Facebook at http://www.facebook.com/manchesterunitedFollow Manchester United on Twitter at http://www.twitter.com/ManUtdFollow Manchester on Instagram at http://www.instagram.com/manchesterunitedSubscribe to MUTV at https://bit.ly/2L9ymRs"
"jooCgjmD7EQ","Nekat Nyolong Helm Polisi, Begini Akhirnya","2020-12-10T12:30:12Z","UC7Zgj5p9QOuz65oDU51Jlng","Rana Films","22","20.13.12","[none]","423800","8198","304","1302","https://i.ytimg.com/vi/jooCgjmD7EQ/default.jpg","False","False","Nekat Nyolong Helm Polisi, Begini Akhirnya"
"zbYNz0zp37Y","Rizieq Dikejar Kasus Anyar","2020-12-06T03:00:13Z","UCjEz1Z4kKpb5T6HzFw_qlzA","medcom id","25","20.13.12","FPI|Habib Rizieq Shihab|PA 212|Dijemput Paksa|Negara Tak Boleh Kalah|Aiptu H|Laskar FPI|10 Orang Dekat|Penggerudukan Rumah|Ancam Bunuh Mahfud Md|Ansor Banser|Korlap Massa|Persekusi|6 Pengikut Rizieq|Baku Tembak FPI Polisi|Pistol Pedang|Polisi Tembak FPI|OTK|Penyerangan pengikut rizieq|pengikut rizieq serang polisi|rizieq tersangka","587828","5819","1897","2706","https://i.ytimg.com/vi/zbYNz0zp37Y/default.jpg","False","False","Sejak kepulangannya ke Indonesia, Rizieq Shihab terus menjadi sorotan. Berbagai persoalan terkait dirinya, mulai dari dugaan pelanggaran protokol kesehatan hingga baliho bergambar dirinya yang terpampang di berbagai tempat di Ibu Kota menjadi polemik. Kini, Pemimpin Front Pembela Islam (FPI) tersebut diuber-uber soal tes swab. Ia enggan membocorkan hasil tes swab COVID-19. Lalu, bagaimana ketegasan pemerintah terkait kasus Rizieq?Saksikan selengkapnya dalam diskusi #CrosscheckFromHome RIZIEQ DIKEJAR KASUS ANYAR?Bersama narasumber:-Soleman Ponto (Mantan Kepala BAIS TNI)-Hery Trianto (Ketua Bidang Komunikasi Publik Satgas Penanggulangan COVID-19)-Bambang Rukminto (Peneliti ISeSS)"
"OVuoPI2l41E","Terlalu Murah! Xiaomi Bunuh Flagship Killer: Review Mi 10T Pro 5G Resmi Indonesia","2020-12-08T13:54:34Z","UCbyVnlQdFIcdViuoPIPK68A","Jagat Review","28","20.13.12","xiaomi|Mi10T|Mi10T Pro|Snapdragon|Snapdragon 865|144Hz|HP gaming|108 megapixel|HP multimedia|HP terbaik|smartphone terbaik 2020|review|jagatreview|Mi 10T|Mi 10T Pro","546095","12366","328","3318","https://i.ytimg.com/vi/OVuoPI2l41E/default.jpg","False","False","Dengan harga 5,9 sampai 6,9 jutaan, Mi 10T series yang dilengkapi Snapdragon 865 kencang ini benar-benar terasa terlalu murah. Pembunuh Flagship Killer? Bisa jadi.Bahkan, smartphone di kelas menengah pun bisa kena imbas akibat agresifnya harga Mi 10T series di Indonesia. Informasi link pembelian, eksklusif di JDID : https://bit.ly/XiaomixJDID Pre order mulai tanggal 10-14 Dec, Penjualan pertama pada 15, 22 dan 29 December 2020 hanya di JDID, Mi Store dan Authorized Mi Store#Snapdragon865 #6Jutaan #FlagshipTermurah #ResmiIndonesiaVideo dalam bentuk artikel, silahkan klik link berikut: https://gadget.jagatreview.com/2020/12/review-mi-10t-pro-murah-tapi-beneran-flagship/Timestamp00:10 Harga01:16 Perkenalan Mi 10 T Series01:41 Tagline01:48 Isi Box02:15 Desain03:54 Specs Kamera04:55 Sisi Layar06:15 Specs Layar07:48 Specs Internal08:34 Fitur menarik MIUI 1211:38 Sensor11:45 Konektivitas12:15 Pengujian Benchmark13:13 Pengujian Suhu dan Konsistensi Performa13:56 Pengujian Gaming16:07 Pengujian Gaming 144 FPS17:22 Pengujian Baterai18:16 Pengujian Kamera21:48 Menu Pro Mode di Kamera23:12 Penjelasan Hasil Kamera24:07 Pengujian Extra24:51 Harga25:40 Mi 10T Pro vs Poco F2 Pro vs Mi 1027:34 Mi 10T Pro vs Mi 10T28:11 Kekurangan29:19 Plus dan Minus layar IPS Mi 10T Pro31:16 Plus dan Minus sensor 108MP32:35 KelebihanHost: Dedy IrvanScript: Chrissanto UkardiEditing: Chrissanto UkardiTertarik buat tahu lebih lanjut? Jangan lupa buat ikutin informasi terbaru dari kita di situs:â€¢ Jagat Review (PC, Notebook, Main Canal): http://jagatreview.comâ€¢ Jagat OC (Overclocking) http://oc.jagatreview.comâ€¢ Jagat Gadget (Gadget): http://gadget.jagatreview.comâ€¢ Jagat Play (Video Game & Peripherals): http://jagatplay.comUntuk yang pengen tahu soal belakang layar proses review atau apa yang lagi ditangani Jagat saat ini, bisa juga langsung meluncur ke:â€¢ Instagram: https://www.instagram.com/jagat.review/Atau bisa ngobrol-ngobrol juga bareng komunitas kita buat ngebahas info terkini yang ada. Dari sekedar berbagi informasi sampai troubleshooting bisa di sini:â€¢ Jagat Konsultasi dan Pembahasan Komputer: https://www.facebook.com/groups/1054285457919785â€¢ Jagat Pembahasan Gadget: https://www.facebook.com/groups/206835879657119/Kami Adalah JagatReview:â€¢ Dedy Irvan: https://www.instagram.com/dedyirvan/â€¢ Alva Jonathan:  https://www.instagram.com/lucky_n00b.oc/â€¢ Yufianto Gunawan: https://www.instagram.com/gunawan_y/â€¢ Syarifudin Dian: https://www.instagram.com/syarifudin_dian/â€¢ Friska Suryawinata: https://www.instagram.com/furisudesyon/â€¢ Gatot Tri Yuwono: https://www.instagram.com/gator1nxs/â€¢ Pladidus Santoso: https://www.instagram.com/pladidus/â€¢ Rifqi Sulthan: https://www.instagram.com/rifqis24/â€¢ Chrissanto Ukardi: https://www.instagram.com/dionisius.chrissanto/â€¢ Irham: https://www.instagram.com/trevoriam/l"
"PeEET2pnYEM","Highlights: Liverpool 4-0 Wolves | Fans welcomed back to Anfield in style","2020-12-06T23:00:07Z","UC9LQwHZoucFT94I2h6JOcjw","Liverpool FC","17","20.13.12","Liverpool FC|LFC|Liverpool|Anfield|Melwood|Liverpool Football Club|premier league|wolves v liverpool|highlights|liverpool highlights|liverpool vs wolves|liverpool 4-0 wolves","2418514","35194","1202","1691","https://i.ytimg.com/vi/PeEET2pnYEM/default.jpg","False","False","Watch all the action from Anfield where the Reds secured an emphatic victory in front of the supporters, thanks to goals from Mo Salah, Gini Wijnaldum, Joel Matip and a Nelson Semedo own goal.Enjoy more content and get exclusive perks in our Liverpool FC Members Area, click here to find out more: https://www.youtube.com/LiverpoolFC/joinSubscribe now to Liverpool FC on YouTube now and get notified when new videos land: https://www.youtube.com/subscription_center?add_user=LiverpoolFC"
"3GIG5kuAlhk","Chelsea 3-1 Leeds | Late Pulisic Goal Seals Comeback Victory | Premier League Highlights","2020-12-06T00:04:42Z","UCU2PacFf99vhb3hNiYDmxww","Chelsea Football Club","17","20.13.12","Chelsea F.C. (Football Team)|Chelsea TV (TV Network)|Football (Interest)|Sports (TV Genre) blues stamford bridge|luiz|willian|Premier League|soccer|London|football fan|skills|goal|training|chelsea highlights|nike|kante|lampard|pulisic|hudson-odoi|abraham|chelsea fc|chelsea|hakim ziyech|ziyech|werner|timo werner|Kai havertz|havertz|chilwell|ben chilwell|chelsea news|Chelsea v Leeds|Chelsea win|Pulisic goal","2958444","52598","1209","2302","https://i.ytimg.com/vi/3GIG5kuAlhk/default.jpg","False","False","Chelsea welcomed fans back to their home turf for the first time since March and produced an excellent performance accelerating them to the top of the premiere league.Download Chelsea FC's official mobile app:-App Store https://apple.co/2vvlN9t-Play Store http://bit.ly/2MfNJHX Subscribe: http://che.lc/YTsubscribeTo watch more EXCLUSIVE Chelsea content go to: http://che.lc/YTwebsiteWelcome to the official home of Chelsea Football Club on YouTube. Itâ€™s the only channel where youâ€™ll get an authentic look at life at this great club. Every week weâ€™ll be uploading fresh content from the training ground, our famous stadium and much, much more. Nowhere else will you get closer to world-class stars like Christian Pulisic, Kai Havertz, Hakim Ziyech, Timo Werner & Nâ€™Golo KantÃ©. ABOUT CHELSEA FOOTBALL CLUBFounded in 1905, Chelsea Football Club has a rich history, with its many successes including 5 Premier League titles, 8 FA Cups and 1 Champions League, secured on a memorable night in 2012. Famous former Blues include Peter Osgood, Gianfranco Zola, Dennis Wise, John Terry, Didier Drogba & Eden Hazard."
"0IpbvXVbBYA","NCT 2020 ì—”ì‹œí‹° 2020 'RESONANCE' MV","2020-12-04T11:01:43Z","UCEf_Bc-KVd7onSeifS3py9g","SMTOWN","10","20.13.12","[none]","44613196","1788784","12502","445560","https://i.ytimg.com/vi/0IpbvXVbBYA/default.jpg","False","False","NCT 2020's new single RESONANCE is out!ğŸ§Listen and download on your favorite platform: https://smarturl.it/NCT2020_RESONANCEğŸOfficial store: https://nct2020official.comNCT Officialhttp://www.nct2020.comhttp://www.youtube.com/nctsmtownhttp://www.tiktok.com/@official_ncthttp://www.instagram.com/ncthttp://twitter.com/NCTsmtownhttp://www.facebook.com/NCT.smtown#NCT2020 #RESONANCE #NCT2020_RESONANCENCT 2020 ì—”ì‹œí‹° 2020 'RESONANCE' MV â„— SM Entertainment"
"c3l1CVeoqZI","Junya1gou funny video ğŸ˜‚ğŸ˜‚ğŸ˜‚ | JUNYA Best TikTok December 2020 Part 29 @Junya.ã˜ã‚…ã‚“ã‚„","2020-12-05T17:54:25Z","UCjp_3PEaOau_nT_3vnqKIvg","Junya.ã˜ã‚…ã‚“ã‚„","24","20.13.12","Junya|Junya 1 gou|junya funny|funniest video|Most funny video|Junya best|Tiktok Talent|The Tiktok Talent|Junya.ã˜ã‚…ã‚“ã‚„ â€‹|Japanese|Japanese Tiktokker|Japanese funny guy|Junya Legend|Junya Japanese|Tiktok Japan|Best Comedy|Funny|Funniest Junya|Japanese Best Tiktokker|Best|Hilarious|shorts|youtube shorts|shorts video","20120524","324107","76316","12814","https://i.ytimg.com/vi/c3l1CVeoqZI/default.jpg","False","False","Thank You for watching my video. Please hit the Like and Share buttonOfficial Tiktok Account:  - https://www.tiktok.com/@junya1gouOfficial Instagram Account :-https://www.instagram.com/junya1gouOfficial Twitter Account :- https://twitter.com/junya1gouPLEASE SUBSCRIBE to never miss any video!#shorts #TikTok #Junya1gou #Junya #JunyaLegend #TikTokChallenge #funnytiktok #funnyvideo #meme #memes #CoffinDance #CoffinDanceMeme #CoffinMeme #funeraldance #junya1Gou #tiktokcompilation #tiktok2020 #JunyaBest #Junyahilarious #junyamostfunny #mostfunny #funnyvideo #comedy"
"pgs5hPd5YS8","Eggi Sudjana: Jangankan Jadi Tersangka, Habib Rizieq Jadi Saksi Aja Nggak Pantas! | Best Statement","2020-12-10T13:00:28Z","UCYEa4_MC7OFjcWrO6SO-u8g","Indonesia Lawyers Club","25","20.13.12","tvone|tv one|tvonenews|indonesia lawyers club|ilc|indonesia lawyers club tvone|ilc tvone|karni ilyas|ilc tv one|debat|dialog|ilc terbaru|indonesia lawyers club terbaru|ilc tadi malam|ilc terbaru tadi malam|tvonenews.com|berita viral|berita terbaru|berita terkini|tvone live","1496002","19886","1653","7447","https://i.ytimg.com/vi/pgs5hPd5YS8/default.jpg","False","False","Jakarta, https://www.tvonenews.com - Eggi Sudjana selaku pengacara Habib Rizieq Shihab pada kasus chat mesum yang menimpanya beberapa waktu lalu, mengkritisi tindakan hukum yang diterima oleh kliennya. Dia menilai, ada tersangka yang sengaja menjebak HRS. ILC edisi 'Membidik Habib Rizieq' telah tayang pada Selasa, 6 Juni 2017.Saksikan live streaming tvOne hanya di https://www.tvonenews.com/live"
